{"cameraMode":{"drawMode":0,"name":"Shaded","section":"Shading Mode"},"sceneLighting":true,"audioPlay":false,"sceneViewState":{"m_AlwaysRefresh":false,"showFog":true,"showSkybox":true,"showFlares":true,"showImageEffects":true,"showParticleSystems":true,"showVisualEffectGraphs":true,"m_FxEnabled":true},"in2DMode":false,"pivot":{"x":-3.2455668449401857,"y":1.2788589000701905,"z":0.4984077215194702},"rotation":{"x":0.017121251672506334,"y":-0.5019287467002869,"z":-0.009929082356393338,"w":-0.8648180365562439},"size":0.043301258236169818,"orthographic":false}